WT residue type,chain ID,Residue #,G,A,V,L,I,M,F,W,P,S,T,C,Y,N,Q,D,E,K,R,H
F,A,4,1.25896,0.91584,1.15234,0.56126,0.87914,-0.41608,-0.15012,0.33882,0.98642,1.01862,1.0189,0.8296,2.6945,0.97828,1.39388,1.06794,0.77878,2.20468,1.57304,0.78808
R,A,5,1.0746,0.94552,1.1404,1.14382,1.32444,1.2875,0.72138,1.28664,1.50834,1.11294,1.15704,1.27138,0.19252,1.26742,1.29436,1.30488,1.45194,1.4648,-0.0222,0.35788
C,A,6,-0.02934,0.01216,-0.01816,-0.05144,0.09104,-0.0721,-0.06088,-0.0084,0.01006,0.02078,-0.01916,2e-05,-0.03894,-0.01852,-0.11578,0.05614,0.02526,0.01266,-0.1666,-0.03446
F,A,7,0.19302,-0.09404,-0.04692,-0.2019,0.57906,-0.1035,0.00478,0.1249,0.6483,0.1944,-0.1116,-0.07198,0.02994,0.15556,-0.10432,0.46864,0.13074,-0.21936,-0.09104,0.27236
R,A,8,0.1409,0.1653,0.25496,0.03426,0.21916,0.1758,-0.05624,-0.22754,0.13554,0.2186,0.27426,0.1512,-0.05048,0.23766,0.02954,0.41858,0.53456,-0.01772,0.0006,-0.04558
Y,A,9,2.5707,1.92748,1.33194,0.7816,0.63022,0.2392,-0.70924,-0.99686,1.36534,2.71036,2.2639,1.65512,0.00398,1.37828,2.14728,2.82522,2.26944,1.06532,1.0403,1.4013
E,A,10,-0.0298,-0.0417,-0.1174,-0.01878,-0.05968,0.018,-0.00766,-0.6868,0.24974,-0.06922,-0.11018,-0.06008,-0.0134,-0.06782,0.00732,-0.0345,0.00804,-0.038,-0.0771,-0.15262
E,A,11,-0.12968,-0.0968,-0.09286,0.00634,-0.11982,-0.01726,-0.09472,-0.0419,0.4878,-0.11928,-0.18128,-0.08568,-0.11418,-0.08548,-0.0568,0.01126,0.01578,-0.0813,-0.09372,-0.096
A,A,12,-0.1033,0.0,0.31818,0.41254,0.29268,0.53944,1.86508,1.85782,0.60166,0.019,0.16284,0.12648,1.4244,0.38986,0.27978,0.39778,0.56572,0.20886,0.04322,1.19868
G,A,14,0.0,0.02556,0.27786,0.34602,0.43862,0.49238,0.11408,0.34424,0.13096,0.14584,0.01124,0.37054,0.1569,0.08402,0.39064,0.5852,0.75822,0.12702,-0.07786,0.04566
P,A,15,2.27642,0.96442,0.4529,2.06288,3.24386,0.2909,4.32638,4.39902,0.00264,1.97098,2.27632,0.88814,3.89836,1.24656,1.31036,3.50574,2.64692,2.07914,2.32416,6.89104
Q,A,16,0.38542,0.20898,-0.04496,-0.5692,-0.4581,-1.16318,-0.41672,-1.62172,-0.05292,0.23238,0.14548,0.28156,0.31762,0.13828,-0.03646,0.89386,0.00956,-0.58788,-0.43042,-0.23438
E,A,17,-0.23908,-0.28362,-0.23778,-0.24138,-0.16074,-0.2596,-0.16698,-0.18736,-0.15456,-0.25526,-0.28102,-0.28814,-0.12924,-0.33022,-0.24582,-0.21146,0.00058,-0.30776,-0.27602,-0.26694
A,A,18,0.11752,0.0,0.83456,1.9822,1.3711,1.52946,4.64926,4.26604,0.93226,0.6684,0.6385,0.48338,10.15484,0.9758,2.06442,3.07758,1.84376,0.87034,0.76484,3.50824
L,A,19,3.4885,2.80788,1.84836,-0.02054,1.15342,-0.13208,0.40776,4.59482,4.63012,2.99896,2.14468,2.3178,2.72048,1.99632,2.09376,3.95932,4.03424,2.91396,3.15692,2.51234
A,A,20,0.06248,0.0,-0.05312,-0.07292,-0.0909,-0.01538,0.01014,-0.0299,0.16246,0.0172,-0.02882,-0.0335,0.00436,-0.07688,-0.34328,-0.23506,-0.34406,-0.0054,-0.00592,-0.16028
Q,A,21,-0.17614,-0.05868,0.05196,-0.17684,-0.0222,0.01096,-0.02784,-0.1106,0.0508,0.09758,0.13912,-0.12344,-0.02512,-0.01208,-0.0055,0.08116,0.04142,-0.02986,-0.04318,-0.23144
L,A,22,1.80566,0.95352,-0.12786,0.00834,-0.18282,0.64164,2.71256,4.14582,1.4203,1.53634,1.0665,0.82472,4.05562,1.56312,2.03024,2.36244,2.57964,2.46976,7.1994,2.21308
R,A,23,2.03564,1.80128,1.00816,0.29052,0.8577,-0.1961,-0.34064,-0.91476,2.21094,1.9096,1.62006,1.59656,-0.0816,0.33234,0.9393,2.222,1.79442,0.45134,0.0,1.1999
E,A,24,0.1096,0.08556,0.02962,0.03648,0.05094,0.0438,-0.01394,0.00896,0.12144,0.0804,0.04864,0.04696,0.0055,0.01934,0.05248,0.04024,0.0,0.01444,-0.04156,-0.03118
L,A,25,-0.54234,-0.30896,-0.085,0.00368,-0.02096,0.25372,-0.13132,-0.24632,-0.18768,-0.3574,-0.23264,-0.35398,-0.08154,-0.2752,-0.25932,-0.203,-0.3301,-0.22714,-0.2267,-0.19634
C,A,26,1.0102,0.20702,-0.58534,1.36988,-0.27118,1.44802,12.14518,3.37666,1.23692,0.78284,0.17428,-0.00544,13.15382,1.12328,1.18924,1.69574,1.35688,2.25314,3.77174,7.29256
R,A,27,0.47464,0.13638,-0.41672,-0.5573,-0.74072,-0.84944,0.17246,0.50168,0.75348,0.34142,0.06752,0.06146,0.46566,0.01718,-0.04556,0.88112,0.49246,-0.40082,0.0438,0.1204
Q,A,28,0.01162,0.01014,0.0026,0.00204,-0.02136,0.00546,0.00602,0.02796,0.11252,0.01726,0.0071,-0.0142,0.01124,-0.00456,8e-05,-0.01172,-0.02622,-0.00346,-0.01888,-0.01318
W,A,29,0.22422,0.2082,0.3671,0.42014,0.25606,0.47888,0.2221,-0.01352,0.36392,0.30312,0.39718,0.25558,0.2076,0.14988,0.31264,0.29116,0.28674,0.32918,0.48244,0.19452
L,A,30,1.2813,0.87692,0.5989,0.00874,0.83892,0.2942,0.11494,1.01524,1.22456,1.10232,0.75726,0.6673,0.4663,0.77876,0.60924,0.74508,0.66868,0.5045,2.00798,0.39474
R,A,31,-0.00322,0.02108,0.0319,0.01584,0.01932,-0.05134,0.00424,0.00286,0.09838,-0.01866,0.00276,-0.02394,0.0043,0.0013,-0.04582,-0.11574,-0.03798,-0.00818,0.0,-0.00134
P,A,32,1.78346,0.89548,-0.14792,-0.25038,-0.71306,-0.7646,0.28974,0.43516,-0.00654,1.94634,1.24222,0.88458,0.3439,1.33536,1.0083,1.3256,1.4739,0.42924,0.7979,0.84372
E,A,33,0.79162,0.54744,0.789,0.45626,0.8249,0.71362,0.55132,0.58596,0.76864,1.02208,0.75234,0.63772,0.57922,0.65684,0.75598,0.54148,0.0006,0.8351,0.73692,0.85232
V,A,34,0.03786,0.0077,-6e-05,0.01522,-0.00396,-0.05078,0.0295,0.02656,0.11296,0.01306,0.00458,0.00494,0.02918,0.028,0.02412,-0.07408,-0.04678,0.0973,0.15474,0.10806
R,A,35,-0.12556,-0.16266,0.09092,0.02752,0.0452,-0.20596,-0.3057,-0.26952,-0.0038,-0.23354,0.05272,-0.22446,-0.2985,-0.26218,-0.32042,-0.57962,-0.57352,-0.27256,0.01646,-0.24348
S,A,36,0.0352,-0.02858,0.02616,-0.06108,0.0026,-0.21994,0.03,-0.08282,-0.16484,0.00548,0.00344,-0.02488,-0.01554,0.00408,-0.07118,-0.3916,-0.58318,-0.18808,0.00386,-0.04998
K,A,37,3.0048,2.4267,2.02126,1.14174,1.3523,0.65878,3.20478,3.49502,2.23294,3.28244,1.99468,1.92754,2.09704,2.22538,1.5914,3.26004,2.13938,-0.09498,1.28986,2.98692
E,A,38,0.48866,0.38028,0.21562,-0.16798,0.0076,-0.35952,-0.33348,-0.5153,0.32984,0.37152,0.37188,0.2555,-0.27222,0.34858,0.31096,-0.0186,0.0094,0.2598,0.35036,-0.18524
M,A,40,2.74482,2.48094,1.95612,1.1916,0.79212,-0.0178,3.49934,4.86394,2.05128,2.43354,2.35094,2.31856,4.0519,2.24884,2.36542,2.02622,2.33342,2.41324,4.23666,2.68272
L,A,41,3.56814,2.98572,0.9014,-0.02148,0.12478,-0.44942,0.9857,4.24172,3.28986,3.32806,2.15608,2.1803,4.14454,2.61454,2.79316,3.24468,2.94486,2.77088,2.46756,1.27136
E,A,42,2.01602,1.94466,2.10372,2.10272,2.08022,1.8985,1.93478,2.50998,2.22632,2.06008,2.08356,1.96036,1.06796,1.42066,1.26582,1.05434,-0.0632,2.01974,2.15488,2.22514
L,A,44,2.32008,1.75666,0.49162,-0.05926,-0.0491,-0.14668,0.43882,-0.52956,1.97268,2.05818,1.1362,1.50276,1.22354,1.70922,0.85672,1.99942,1.7123,1.41662,1.27756,0.64658
V,A,45,3.16812,2.17502,0.00018,2.57812,0.56616,2.0405,7.34084,8.44154,2.75682,2.82172,1.51036,1.68136,8.37014,1.62406,2.49366,2.36766,1.21702,3.85052,8.22674,7.80158
L,A,46,-0.49714,-0.35854,-0.28286,-0.00954,-0.0967,-0.10956,-0.297,-0.28748,1.15382,-0.38692,-0.18948,-0.27206,-0.30476,-0.15926,-0.29946,-0.66164,-0.52274,-0.07794,-0.13702,-0.16934
E,A,47,0.94818,0.75684,0.96206,0.73526,0.76968,0.69892,1.09202,1.04134,0.76574,0.57872,0.83558,0.81138,0.97398,0.8825,0.28078,0.83182,-0.00414,1.06646,0.86484,0.62484
Q,A,48,0.49,0.19936,0.07318,-0.437,-0.44144,-0.94984,-0.8015,-1.55192,0.24006,0.51078,0.2017,0.23504,-0.52684,0.13182,-0.0032,-0.0248,-0.1563,-0.3648,-0.19562,0.01518
F,A,49,2.50356,1.87706,1.32174,1.10906,0.88028,0.95788,0.03482,-0.16164,3.50558,2.24338,1.99756,1.65714,0.39706,1.99246,1.7105,2.0326,2.22118,2.0441,2.3007,1.0925
L,A,50,-0.31464,-0.23622,-0.15464,0.00492,-0.03264,-0.13832,-0.27586,-0.26212,0.01826,-0.24122,-0.12824,-0.1323,-0.28826,-0.1262,-0.1737,-0.36914,-0.31716,-0.10316,-0.01566,-0.14586
A,A,52,0.1347,0.0,-0.09982,-0.51428,-0.47744,-0.9341,-0.54744,-1.13702,0.55722,0.13258,-0.1442,-0.04584,-0.48754,-0.02484,-0.1688,-0.1969,-0.33372,-0.45642,-0.18128,0.0075
L,A,53,-0.09778,-0.07216,-0.00454,0.0033,0.0397,-0.03728,1.00606,1.01682,0.11266,-0.06494,-0.01258,-0.00358,1.53564,-0.00412,0.09324,-0.27376,-0.14124,0.436,0.60538,0.33352
S,A,68,-0.099,-0.0092,-0.05818,-0.1753,-0.10594,-0.2252,-0.0856,-0.07724,0.07174,-8e-05,-0.05904,-0.07516,-0.26394,-0.50064,-0.00764,-0.41966,-0.44728,0.04374,0.11928,-0.08244
P,A,69,0.54456,0.12004,1.24606,0.84938,3.89302,1.38328,2.3955,6.39002,0.0008,0.54138,1.47538,0.38974,2.61528,0.4221,2.16,1.00822,0.18078,1.79956,2.14974,12.58814
E,A,70,0.7606,0.79356,0.63578,0.42676,0.52088,0.35084,0.5333,0.05716,0.41272,0.75872,0.71744,0.73724,0.57486,0.54718,-0.26848,0.13918,-0.002,0.88052,0.9747,0.73256
E,A,71,0.23114,0.2224,0.15472,0.21752,0.21148,0.19862,0.24286,0.20198,0.04064,0.18546,0.26388,0.2534,0.19624,0.12722,0.2133,-0.03942,-0.01984,0.2489,0.2639,0.19094
A,A,72,-0.1659,0.0,-0.16986,0.00048,0.11478,-0.01196,1.54898,0.47668,-0.28554,0.0504,0.02028,-0.1375,0.51492,-0.21396,0.13122,-0.32142,0.36182,0.70848,0.15148,0.7132
A,A,73,0.9999,0.0,0.30462,0.6968,1.61212,0.4033,-0.00348,4.02296,2.29602,0.73592,1.27332,0.17116,2.45806,2.1486,1.58148,1.13154,-0.1407,0.95926,2.19646,2.47062
A,A,74,-0.0129,0.0,0.0153,-0.10532,-0.0965,-0.03058,-0.23938,0.01304,0.2832,-0.00042,0.05954,0.08096,-0.22216,0.01358,-0.04136,-0.15068,-0.26416,0.0155,0.16068,0.1321
V,A,76,0.66158,0.3688,0.00032,-0.17216,0.0951,-0.2883,-0.42948,0.0132,0.67508,0.5732,0.15462,0.49562,-0.36776,0.30078,0.30256,0.2185,0.3957,0.72434,0.7095,0.14532
D,A,77,1.24534,1.04738,0.88986,0.27154,1.1658,-0.00824,0.67956,0.28802,1.85804,1.204,0.88348,0.72936,1.2215,0.62124,0.8828,-0.00936,0.2212,0.78048,1.22886,1.2954
G,A,78,0.0,0.018,0.0219,0.00362,0.01404,0.0031,0.03408,0.01786,0.06032,0.0162,0.00324,0.02156,0.03406,0.03318,-0.00816,-0.03274,0.00424,0.0275,0.06032,0.00416
R,A,80,-0.09162,-0.10142,-0.18806,-0.18304,-0.239,-0.65494,-0.17448,-0.18736,-0.02826,-0.09724,-0.09736,-0.09004,-0.15964,-0.08514,-0.09312,-0.16744,-0.1749,-0.13866,0.01068,-0.00232
